,index,name,position,total_distance,total_time,category3
0,0,인생아구찜 하남점,경기 하남시 수리북로34번길 14 1층,4417.0,3477.0,해물
1,1,아부찌부대찌개 하남감일점,경기 하남시 감일순환로 95-1 상가 103호,9486.0,7405.0,한식당
2,2,삼백돈 돈가츠 하남미사점,경기 하남시 미사강변동로 85 힐스테이트 에코미사 1층,1759.0,1410.0,돈가스
3,3,,,,,
4,4,베르온,경기 하남시 미사강변중앙로 157 112 113호,2107.0,1676.0,양식
5,5,미려돈,경기 하남시 미사강변중앙로 220 1층 101호,1433.0,1167.0,고기
6,6,,,,,
7,7,설하네 디저트,경기 하남시 학암동 6-5,12374.0,9569.0,카페
8,8,신대포 불갈비 하남점,경기 하남시 신장로 156,4600.0,3634.0,고기
9,9,카멜레온 다이닝(CHAMELEON DINING),경기 하남시 미사강변중앙로 193 2층 Chameleon Dining,1735.0,1411.0,식당
10,10,타타스 하남미사점,경기 하남시 미사강변대로 206 1층 105호,1402.0,1245.0,카페
11,11,동경규동 하남점,경기 하남시 조정대로 150 아이테코 블루존 B1층 101호,2921.0,2404.0,한식당
12,12,서울포차 하남미사점,경기 하남시 미사강변중앙로204번길 11 마들렌오피스텔 205호,1531.0,1266.0,식당
13,13,효정패밀리아카페,경기 하남시 미사강변대로226번안길 35 2층 효정패밀리아카페,1377.0,1197.0,카페
14,14,직화에빠지다 하남미사점,경기 하남시 미사강변한강로354번길 17 102호,1994.0,1604.0,해물
15,15,붓다텐 하남점,경기 하남시 미사대로 550 현대지식산업센터 1차 1층 c-001호,2268.0,1853.0,일식당
16,16,참토스트 하남미사점,경기 하남시 미사강변한강로 135 1층 가 133호,490.0,358.0,간식
17,17,요트(YOTE),경기 하남시 감일로88번길 28 .1층 요트,9764.0,7609.0,카페
18,18,투비 버거,경기 하남시 미사강변동로84번길 20 1층 105호,1832.0,1454.0,햄버거
19,19,브런치빈 미사점,경기 하남시 미사강변중앙로 173 미사리버에비뉴 2층 210호 211호,1940.0,1557.0,까페
20,20,파티인테이블,경기 하남시 미사대로 520 DC동 2층 233호,1967.0,1638.0,식당 아님
21,21,,,,,
22,22,,,,,
23,23,프랭크버거 하남강변로점,경기 하남시 미사강변대로226번길 9 106호,1557.0,1228.0,햄버거
24,24,,,,,
25,25,,,,,
26,26,빽정,경기 하남시 미사강변중앙로 190 1층 127호,1735.0,1382.0,한식당
27,27,우나기 현,경기 하남시 미사강변한강로 155 SKV1센터 근생 102호 우나기현,212.0,156.0,해물
28,28,덕찡찡마켓,경기 하남시 미사강변중앙로 181 더퍼스트테라스 1층(호수공원 view)빨간 태국어 간판,1869.0,1507.0,고기
29,29,1984그수육집칼국수 하남미사,경기 하남시 미사강변북로30번길 145 1층,1481.0,1207.0,분식
30,30,,,,,
31,31,멕시카나치킨 하남풍산점,경기 하남시 미사강변대로34번안길 16,3035.0,2456.0,치킨
32,32,한라맥주 미사신도시점,경기 하남시 미사강변중앙로 164 1층 111호,2036.0,1626.0,호프
33,33,한신포차 하남감일점,경기 하남시 감일중앙로 80 G001호 (101동 상가1층),9417.0,7360.0,식당
34,34,굽네치킨 감일지구점,경기 하남시 감일백제로 89 성준프라자 101호,10501.0,8181.0,치킨
35,35,미스터 촌돼지,경기 하남시 미사강변한강로158번안길 38 101호,479.0,417.0,한식당
36,36,삼동소바 하남미사점,경기 하남시 미사동로 68 1층 101 105호,1322.0,1090.0,일식당
37,37,피자컴퍼니 감일 마천점,경기 하남시 감일백제로 20 상가1층 104호,11322.0,8842.0,피자
38,38,훈초밥 미사본점,경기 하남시 미사강변중앙로 200 (e편한세상 시티 미시) 130호,1573.0,1269.0,일식집
39,39,대한 냉면 미사점,경기 하남시 미사강변중앙로111번안길 13 1층,2523.0,2036.0,한식당
40,40,잭슨피자 하남미사점,경기 하남시 미사강변남로 33 황금프라자 102호,2561.0,2058.0,피자
41,41,,,,,
42,42,피자미남 하남미사점,경기 하남시 미사강변동로 85 힐스테이트에코미사 1층,1759.0,1410.0,피자
43,43,고기싸롱 미사신도시점,경기 하남시 미사강변중앙로 214 1층 105호~108 호,1482.0,1260.0,
44,44,호정의 식탁,서울 송파구 올림픽로35길 124 장미종합상가 A상가 B1 5~6호,12434.0,10085.0,한식당
45,45,동근이 숯불두마리치킨 하남감일점,경기 하남시 감일중앙로 80 마크베르 아클라우드 상가 2004호,9417.0,7360.0,치킨
46,46,,,,,
47,47,플로우나인 하남미사점,경기 하남시 미사대로 550 현대지식산업센터 1차 c-10층 0001호,2268.0,1853.0,카페
48,48,딤타오 하남스타필드점,경기 하남시 미사대로 750 1층 G272호,4661.0,3740.0,중국집
49,49,다루마 고로케,경기 하남시 미사강변동로84번길 39 110호 (에코타워),1476.0,1197.0,일식당
50,50,,,,,
51,51,,,,,
52,52,,,,,
53,53,삼촌네 조개찜,경기 하남시 미사강변남로 87 미사스타파크오피스텔 상가 1층104105호,2131.0,1723.0,해물
54,54,탐나종합어시장 미사역점,경기 하남시 미사강변남로 91 르보아파크 2 1층,2028.0,1624.0,일식당
55,55,동명카츠 하남덕풍점,경기 하남시 덕풍북로 251,3523.0,2776.0,돈가스
56,56,봉자 막창 하남미사점,경기 하남시 미사강변남로 99 더 오페라2 109 110호,1960.0,1573.0,
57,57,,,,,
58,58,써니의 식탁,경기 하남시 미사강변한강로 279 3층316호,1149.0,907.0,식당 아님
59,59,고급양식 하남점,경기 구리시 벌말로80번길 76,11539.0,9177.0,해물
60,60,에이치 베이커,경기 하남시 신장1로15번길 55 1층,4831.0,3890.0,베이커리
61,61,,,,,
62,62,,,,,
63,63,,,,,
64,64,죽이야기 감일점,경기 하남시 감일중앙로 80 아클라우드 지하1층 B019호,9417.0,7360.0,한식당
65,65,,,,,
66,66,빅빅버거 하남미사점,경기 하남시 미사강변중앙로198번길 35 1층 101호,1436.0,1169.0,햄버거
67,67,고기랑 조개당,경기 하남시 월호로 62 1동 1층 1호,2538.0,2094.0,해물
68,68,,,,,
69,69,,,,,
70,70,손  쿡희,경기 하남시 미사강변중앙로 173 115호 손쿡희,1940.0,1557.0,카페
71,71,버거 스테이지 하남미사점,경기 하남시 미사강변한강로 135 가 119호,490.0,358.0,햄버거
72,72,명륜진사갈비 하남스타필드점,경기 하남시 신장동로 130 1층,4659.0,3762.0,고기
73,73,더 노벰버 라운지(하남풍산점),경기 하남시 미사강변한강로 420,2481.0,2004.0,카페
74,74,찐한삼촌,경기 하남시 검단산로218번길 11,6066.0,4858.0,카페
75,75,,,,,
76,76,로바타 미자,경기 하남시 미사강변중앙로 193 2층,1735.0,1411.0,일식집
77,77,,,,,
78,78,,,,,
79,79,불백 경성원,경기 하남시 미사강변중앙로 173 미사리버에비뉴 110호,1940.0,1557.0,고기
80,80,화복칼국수,경기 하남시 하남대로 747 상가 1층 135호 화복칼국수,5037.0,4063.0,분식
81,81,,,,,
82,82,젠가든(Zen Garden),경기 하남시 미사동로 41 3층 젠가든,1053.0,868.0,일식당
83,83,노랑통닭 하남감일점,경기 하남시 감일백제로 155 112호,10002.0,7835.0,치킨
84,84,형노가(하남5호점),경기 하남시 미사강변중앙로 190 1층 136호~140호,1735.0,1382.0,고기
85,85,,,,,
86,86,배떡 하남미사점,경기 하남시 미사강변한강로 270-1 201동 1층 1-185호,1335.0,1082.0,분식
87,87,,,,,
88,88,,,,,
89,89,,,,,
90,90,스타클럽 5 푸드풋팅(star club 5 food futting),경기 하남시 미사강변중앙로 220 2층 202203호,1433.0,1167.0,한식당
91,91,,,,,
92,92,소소떡볶이 하남미사점,경기 하남시 미사강변중앙로198번길 35 1층 104호,1436.0,1169.0,분식
93,93,인생장칼 하남풍산점,경기 하남시 하남대로 947 D동 1층 105호,4059.0,3364.0,분식
94,94,,,,,
95,95,봉평 메밀옥,경기 하남시 대청로 15 110호,4676.0,3809.0,한식당
96,96,,,,,
97,97,감성낙곱새 하남미사점,경기 하남시 미사강변동로84번길 20 퀸즈파크미사1차 오피스텔 2층 204호,1832.0,1454.0,해물
98,98,,,,,
99,99,위례제주도니,경기 하남시 위례대로 220 상가동 101A호 지웰푸르지오,13659.0,10718.0,고기
100,100,뱁스카페,경기 하남시 하남대로 947 하남테크노밸리U1 C동 105호,4059.0,3364.0,카페
101,101,소반짓고,경기 하남시 미사강변동로 95 1층 1074호,1690.0,1360.0,한식당
102,102,빵먹는 코끼리,경기 하남시 하남대로784번안길 16 1층,4578.0,3686.0,베이커리
103,103,,,,,
104,104,마시쏘부대찌개 미사역직영점,경기 하남시 미사강변동로 100-1 1층 1051호,1499.0,1186.0,한식당
105,105,리틀 블루문(LITTLE BLUE MOON),경기 하남시 미사강변한강로158번안길 12 1층 리틀블루문,712.0,573.0,카페
106,106,탭플레이커피 스타필드 하남점,경기 하남시 미사대로 750 스타필드 하남 1층 일렉트로마트,4661.0,3740.0,
107,107,,,,,
108,108,,,,,
109,109,구석집 하남미사점,경기 하남시 미사강변남로 91 (망월동),2028.0,1624.0,한식당
110,110,오늘밤 노가리,경기 하남시 미사강변중앙로 226 우성르보아파크 상가 123호,1343.0,1102.0,호프
111,111,미사냉삼집,경기 하남시 미사강변중앙로 221 1층 114호,1456.0,1213.0,고기
112,112,,,,,
113,113,,,,,
114,114,깐부 불쭈꾸미 동태탕,경기 하남시 대청로 15,4676.0,3809.0,해물
115,115,,,,,
116,116,원조 부안집 하남풍산역점,경기 하남시 덕풍로 71 107호,3068.0,2481.0,고기
117,117,,,,,
118,118,권동식당,경기 하남시 미사강변중앙로 161 1층 111호,2048.0,1635.0,한식당
119,119,,,,,
120,120,,,,,
121,121,,,,,
122,122,미분당 하남미사점,경기 하남시 미사강변대로226번안길 35 청담프라자 1층 109호,1377.0,1197.0,아시안 음식
123,123,반미362 하남미사점,경기 하남시 미사강변동로 82 105호,1880.0,1458.0,아시안 음식
124,124,,,,,
125,125,파슷타애요 하남점,서울 강동구 양재대로115길 56 1층,8074.0,6404.0,양식
126,126,모뜰,경기 하남시 미사강변동로84번길 39 2층 204호 에코타워,1476.0,1197.0,한식당
127,127,,,,,
128,128,,,,,
129,129,청년부찌냉삼,경기 하남시 미사강변중앙로 11 122~123호,3666.0,3053.0,한식당
130,130,,,,,
131,131,토리아에즈 미사역점,경기 하남시 미사강변동로 95 힐스테이트미사역그랑파사쥬 1층 1024호,1690.0,1360.0,일식집
132,132,고기극찬 하남미사점,경기 하남시 미사대로 550 현대지식산업센터1차 3번게이트 25호,2268.0,1853.0,고기
133,133,그린스미스&에그존 하남미사점,경기 하남시 미사강변동로 100-1 동양파라곤스퀘어 지하1층 B142호,1499.0,1186.0,야채
134,134,카페 종종,경기 수원시 권선구 권광로 87 2층 우측,44506.0,34658.0,카페
135,135,가마치통닭 덕풍시장점,경기 하남시 하남대로861번길 43 (덕풍동),4310.0,3408.0,치킨
136,136,두끼 하남미사점,경기 하남시 미사강변대로226번안길 25 디럭스프라자1 2층 203,1357.0,1183.0,분식
137,137,크닭,경기 하남시 신평로 39-13 1층,4877.0,3866.0,
138,138,배추야놀자,경기 하남시 위례대로 190 1층 126호,13906.0,10912.0,카페
139,139,포도 앤 보리,경기 하남시 하남대로784번길 40-2,4519.0,3664.0,카페
140,140,게장맨,경남 함안군 가야읍 함마대로 1382 1층,-1.0,-1.0,해물
141,141,한채당 베이커리,경기 하남시 미사동로 52-18 한채당 베이커리카페,1278.0,1064.0,카페
142,142,오한수 우육면가 하남미사점,경기 하남시 미사대로 520 1층 D동 C-115호,1967.0,1638.0,중국집
143,143,펫타리움 미사,경기 하남시 덕풍천서로 85 펫타리움 하남미사,3669.0,3007.0,
144,144,,,,,
145,145,호식이두마리치킨 하남미사역점,경기 하남시 미사강변한강로 295 118호 119호,1262.0,987.0,치킨
146,146,,,,,
147,147,시선 하남미사점,경기 하남시 미사강변중앙로 180 1층 1026 1027호,1821.0,1444.0,일식집
148,148,교촌치킨 미사역점,경기 하남시 미사강변중앙로 181 더퍼스트테라스 1층 교촌치킨 미사역점,1869.0,1507.0,치킨
149,149,누들코드,경기 하남시 미사강변동로 85 2층 217호,1759.0,1410.0,아시안 음식
150,150,,,,,
151,151,별에서 온 토끼,경기 하남시 미사강변중앙로 220 우성미사타워 111호,1433.0,1167.0,일식당
152,152,뱃살도둑 감일점,경기 하남시 감일백제로 161 감일월드퍼스티 2층 202호,9924.0,7779.0,야채
153,153,편백가원 하남미사점,경기 하남시 미사강변중앙로 193 2층 204 205호,1735.0,1411.0,샤브샤브
154,154,그린호미(Green Homee),경기 하남시 미사강변서로 16 지하1층 RB155호(풍산동 하우스디스마트밸리),3427.0,2738.0,카페
155,155,,,,,
156,156,바른치킨 미사강변점,경기 하남시 미사강변대로34번길 66 플레이스이안,2972.0,2411.0,치킨
157,157,맘스터치 미사강변대로점,경기 하남시 미사강변대로 80 그린프라자 2층 201호,2742.0,2188.0,햄버거
158,158,,,,,
159,159,효자동설렁탕 하남점,경기 하남시 미사강변한강로342번길 20 1층 효자동설렁탕 하남점,1857.0,1531.0,한식당
160,160,고돼지 하남점,경기 하남시 미사강변동로 125 푸르지오시티 상가 A동 229호,1351.0,1108.0,고기
161,161,게런티 홀덤 라운지,경기 하남시 신장로 156 2층 202호,4600.0,3634.0,
162,162,한양화로 위례점,경기 하남시 위례대로 190 1층 119호,13906.0,10912.0,
163,163,노모어피자 미사점,경기 하남시 미사강변동로84번길 20 1층 117호,1832.0,1454.0,피자
164,164,미분당 미사역점,경기 하남시 미사강변동로 82 서건미사메트로타워 1층 107호,1880.0,1458.0,아시안 음식
165,165,바이더크릭(by the creek),경기 하남시 미사강변중앙로 221 304호(망월동 센트럴파크2),1456.0,1213.0,호프
166,166,차이황,경기 하남시 위례대로6길 20-2 301동 1층 112호,13128.0,10213.0,중국집
167,167,푸라닭 하남신장점,경기 하남시 신장동로 35 푸라닭치킨 하남 신장점,4347.0,3452.0,치킨
168,168,,,,,
169,169,,,,,
170,170,,,,,
171,171,저돌 쪽 갈비찜,경기 하남시 덕풍동로 111-10 . 1층 A-105 A-106호,3189.0,2542.0,한식당
172,172,하하족발,경기 하남시 미사강변동로 95 지하 1층 1036호,1690.0,1360.0,고기
173,173,킹콩 부대찌개 하남현대한강미사점,경기 하남시 미사대로 540 하남현대산업지식센터2차 AB동 123호,2138.0,1760.0,한식당
174,174,이비가짬뽕 올림픽공원점,경기 하남시 감일남로 30 2층,10887.0,8441.0,중국집
175,175,행복소머리곰탕전문,경기 하남시 미사강변중앙로 189 1층 106호,1787.0,1448.0,한식당
176,176,담아봄에,경기 하남시 검단산로218번길 3 . 1층,6032.0,4831.0,한식당
177,177,카페더릿(Cafe The Lit),경기 하남시 미사동로40번길 75-19 1층,1525.0,1240.0,카페
178,178,안나스낵 미사역점,경기 하남시 미사강변중앙로 174 헤링턴타워레이크파크 110호,1907.0,1505.0,주류
179,179,,,,,
180,180,해운대연탄생갈비 하남감일점,경기 하남시 감일백제로 181 1층 118~119호,9711.0,7598.0,고기
181,181,애주꿀전,경기 하남시 미사강변중앙로 193 3층,1735.0,1411.0,식당
182,182,하노이 맥주밤거리 하남미사역점,경기 하남시 미사강변중앙로 190 하남미사롯데캐슬스타 1층 123호,1735.0,1382.0,식당
183,183,바다커피&호프,경기 하남시 신평로 68,4710.0,3797.0,카페
184,184,본죽&비빔밥cafe 미사역점,경기 하남시 미사강변남로 103 113호,1895.0,1526.0,한식당
185,185,BDC카페,경기 하남시 미사강변동로84번길 20 112호 BDC카페,1832.0,1454.0,카페
186,186,보리향칼국수,경기 하남시 미사강변동로 95 1140호(망월동 힐스테이트 미사역 그랑파사쥬(12-1BL),1690.0,1360.0,한식당
187,187,누커스,경기 하남시 미사강변중앙로 212 203호 누커스,1489.0,1265.0,카페
188,188,조개호,경기 하남시 미사강변중앙로 189 에코브리지2 116호,1787.0,1448.0,해물
189,189,,,,,
190,190,,,,,
191,191,,,,,
192,192,도마르 스시,경기 하남시 미사강변한강로 270-1 1-198,1335.0,1082.0,일식집
193,193,스시 시오미즈,경기 하남시 미사강변동로 95 힐스테이트 미사 역그랑파사쥬 12-1BL 2층 2094호,1690.0,1360.0,일식당
194,194,마라홀릭 마라탕 감일점,경기 하남시 감일백제로180번길 17 2층 212호,9638.0,7518.0,중국집
195,195,한남동그집 현대지식산업센터2차점,경기 하남시 미사대로 520 DC01-027호,1967.0,1638.0,식당
196,196,화로상회 하남감일점,경기 하남시 감일순환로 55 2층 203 204호,9847.0,7656.0,고기
197,197,돈까스짱 미사점,경기 하남시 미사강변대로226번안길 25 1층 114호 돈까스짱 미사점,1357.0,1183.0,돈가스
198,198,,,,,
199,199,비비큐 위례스타필드점,경기 하남시 위례대로 220 상가동125호,13659.0,10718.0,치킨
200,200,일일양 미사직영점,경기 하남시 미사강변중앙로 200 1층 127호,1573.0,1269.0,고기
201,201,플라워앤쭈,경기 하남시 미사강변동로 100-1 1098~1103호,1499.0,1186.0,한식당
202,202,파스쿠찌 하남감일DI점,경기 하남시 동남로 451,9702.0,7538.0,카페
203,203,,,,,
204,204,,,,,
205,205,,,,,
206,206,,,,,
207,207,,,,,
208,208,릴리 시나몬,경기 하남시 미사강변중앙로 200 B동 1층 126호,1573.0,1269.0,양식
209,209,압구정화로구이 하남시청점,경기 하남시 대청로 38-8 1층,4605.0,3792.0,
210,210,탑탑 다이너(TopTop Diner),경기 하남시 미사강변동로 100-1 파라곤스퀘어 1105호 건물 뒷편 테라스라인(내부연결X,1499.0,1186.0,햄버거
211,211,미사에꼬치다,경기 하남시 미사강변중앙로 174 106호,1907.0,1505.0,호프
212,212,온락도시락,경기 하남시 하남대로 947 하남테크노밸리U1센터 A동166호 167호 온락본점,4059.0,3364.0,한식당
213,213,,,,,
214,214,삼산회관 하남미사강변점,경기 하남시 미사강변북로30번길 134 1층 101호,1534.0,1241.0,고기
215,215,Check Plate(체크 플레이트),경기 하남시 미사강변한강로 290-3 모노라운지상가 A동 101호 Check Plate,1378.0,1111.0,양식
216,216,밀회관 하남미사역점,경기 하남시 미사강변한강로 270-1 201동 1층 211212호,1335.0,1082.0,호프
217,217,감탄밥상,경기 하남시 미사강변한강로220번길 43,797.0,718.0,식당
218,218,뉴욕버거 하남(SKV1)점,경기 하남시 미사강변한강로 155 111호,212.0,156.0,햄버거
219,219,정보인 부산돼지국밥(하남미사점),경기 하남시 미사강변대로34번길 120,2746.0,2223.0,한식당
220,220,,,,,
221,221,배씨상회 하남미사점,경기 하남시 미사강변중앙로 200 1층 120-2호,1573.0,1269.0,식당
222,222,,,,,
223,223,,,,,
224,224,,,,,
225,225,,,,,
226,226,일품 양평해장국 하남미사점,경기 하남시 미사강변동로 95,1690.0,1360.0,해장국
227,227,딜리스볼,경기 하남시 미사강변대로226번안길 9 미사드림타워 1층 딜리스볼,1307.0,1188.0,한식당
228,228,에그드랍 미사점,경기 하남시 미사강변중앙로 223 센트럴파크1 102호,1423.0,1189.0,간식
229,229,,,,,
230,230,,,,,
231,231,오스테리아 렌조(OSTERIA RENZO),경기 하남시 미사강변북로30번안길 30 1층,1652.0,1382.0,
232,232,,,,,
233,233,냐항바바바 미사역점,경기 하남시 미사강변동로 100-1 미사파라곤스퀘어 1111호,1499.0,1186.0,아시안 음식
234,234,,,,,
235,235,,,,,
236,236,,,,,
237,237,한솥도시락 미사2동점,경기 하남시 미사강변대로226번길 14 109호,1603.0,1320.0,식당 아님
238,238,팔각도 하남미사역점,경기 하남시 미사강변중앙로204번길 21 1층 105호 106-1호,1488.0,1235.0,고기
239,239,댕크야드(Dank yard),경기 하남시 미사강변중앙로 173 3층 310-1호,1940.0,1557.0,식당
240,240,,,,,
241,241,비.마이 가든(B. my Garden),경기 양평군 옥천면 남한강변길 209 1층 비마이가든 양평본점,30214.0,23497.0,카페
242,242,브런치&카페 알로(Brunch&Cafe allo),경기 하남시 미사강변한강로 165 AC01-25호 카페알로,381.0,274.0,카페
243,243,,,,,
244,244,보석어묵CAFE,경기 하남시 미사강변남로 131 퀸즈파크 2차 214호,1715.0,1341.0,분식
245,245,자담치킨 위례스타필드점,경기 하남시 위례대로 190 상가동 162호,13906.0,10912.0,치킨
246,246,용갈집,경기 하남시 하남대로802번길 68 아트빌딩 1층,4422.0,3594.0,한식당
247,247,참살이 샐러드,경기 하남시 하남대로 747 하남두산위브파크 1층 102호,5037.0,4063.0,야채
248,248,감동노가리,경기 하남시 미사강변한강로 270-1,1335.0,1082.0,호프
249,249,,,,,
250,250,,,,,
251,251,,,,,
252,252,설맥 미사점,경기 하남시 미사강변중앙로 208 105호106호,1543.0,1303.0,호프
253,253,,,,,
254,254,,,,,
255,255,탑 해물칼국수(하남점),경기 하남시 서하남로 438 2층,7560.0,5867.0,분식
256,256,신사꽃등심 미사직영점,경기 하남시 미사강변동로 100-1 1층 1106 1107호,1499.0,1186.0,고기
257,257,하남찌개마을 국내산냉삼,경기 하남시 감일순환로 55 101호 102호,9847.0,7656.0,한식당
258,258,테임드커피(Tamed coffee),경기 하남시 미사강변북로30번길 170 1층,1380.0,1133.0,카페
259,259,,,,,
260,260,두꺼비토종 순대국,경기 하남시 하남대로801번길 65 101호 두꺼비토종순대국,4881.0,3936.0,식당
261,261,,,,,
262,262,갈속집 하남시청역점,경기 하남시 신평로 66 1층,4717.0,3802.0,고기
263,263,,,,,
264,264,,,,,
265,265,디디키키 베이커리,경기 하남시 감일백제로 165-1 상가동 지1층 105호,9992.0,7800.0,베이커리
266,266,,,,,
267,267,오션스펍 하남미사점,경기 하남시 미사강변중앙로 200 E편한세상시티미사 202호,1573.0,1269.0,
268,268,몽땅만두 미사역점,경기 하남시 미사강변동로 70 더 오페라1,1825.0,1448.0,분식
269,269,한없는커피,경기 하남시 미사강변중앙로 218 1층 105호,1355.0,1119.0,
270,270,브리즈번 버거앤비어 하남미사역점,경기 하남시 미사강변중앙로 181 1층 104호,1869.0,1507.0,햄버거
271,271,배다리 문가네,경기 하남시 서하남로47번길 214-39 . 1층,8156.0,6379.0,한식당
272,272,김가네 미사스카이폴리스점,경기 하남시 미사강변한강로 135 스카이폴리스 124호,490.0,358.0,분식
273,273,,,,,
274,274,흑삼족,경기 하남시 미사강변북로30번길 118 1층,1640.0,1345.0,고기
275,275,신계닭갈비 미사점,경기 하남시 미사강변중앙로 193 1층 106호,1735.0,1411.0,고기
276,276,면대면우육면마라탕,경기 하남시 미사강변서로 25 지1층 RB115호,3438.0,2742.0,중국집
277,277,,,,,
278,278,,,,,
279,279,,,,,
280,280,,,,,
281,281,미사텐,경기 하남시 미사강변동로84번길 29 2층 202호 [ 건물명 : 헤리움 애비뉴어 ],1828.0,1421.0,식당
282,282,사계진미 하남점,서울 송파구 거마로3길 4 2층,11558.0,9006.0,고기
283,283,뽕이야(본점),경기 하남시 미사강변북로30번길 28 101호,1501.0,1245.0,중국집
284,284,,,,,
285,285,한회장댁,경기 하남시 신장1로 12 1층 103호,5131.0,4146.0,
286,286,레디타임(readytime),경기 하남시 미사강변중앙로198번길 29 104,-1.0,-1.0,
287,287,취향마라마라탕 하남미사점,경기 하남시 미사강변대로226번길 30 망월동 스마트프라자 1층,1273.0,1159.0,중국집
288,288,포메인 RED 하남미사점,경기 하남시 미사강변동로 85 1층,1759.0,1410.0,아시안 음식
289,289,,,,,
290,290,,,,,
291,291,덕만이네 뼈해장국,경기 하남시 미사강변중앙로 174,1907.0,1505.0,해장국
292,292,,,,,
293,293,응큼떡볶이 미사점,경기 하남시 미사대로 410 미사강변 오벨리스크 1층 170호,954.0,784.0,
294,294,라홍방마라탕 미사역점,경기 하남시 미사강변동로 73 노블레스상가 111호,1839.0,1486.0,중국집
295,295,,,,,
296,296,초가네장어구이 하남점,경기 하남시 하남대로801번길 65 105호,4881.0,3936.0,해물
297,297,,,,,
298,298,,,,,
299,299,,,,,
300,300,카츠몬,경기 하남시 미사대로 520 현대지식산업센터2차 C동104호,1967.0,1638.0,돈가스
301,301,동래정 하남미사점,경기 하남시 미사강변중앙로 185 1층,1829.0,1479.0,고기
302,302,테이스트앤드테이스트 피자 스탠드 하남 스타필드점,경기 하남시 미사대로 750 3층,4661.0,3740.0,피자
303,303,우먼스키친,경기 하남시 신장1로3번길 64-1,4916.0,3956.0,식당
304,304,최가다방,경기 하남시 서하남로 447 2층,7406.0,5722.0,카페
305,305,차이니즈 인 미사,경기 하남시 미사강변남로 125 101동 113호,1856.0,1470.0,중국집
306,306,한끼정 하남점,경기 하남시 미사강변한강로334번길 30 1층,1811.0,1485.0,일식당
307,307,춘옥이네,경기 하남시 미사강변중앙로 161 2층 209호,2048.0,1635.0,카페
308,308,생활맥주 위례점,경기 하남시 위례대로 220 지웰푸르지오 상가 101A호,13659.0,10718.0,호프
309,309,,,,,
310,310,청년감자탕순대국 하남미사점,경기 하남시 미사강변중앙로 11 두산 더프론트 미사 1층 118호,3666.0,3053.0,식당
311,311,쭈니네랭삼,경기 하남시 하남대로776번길 55 1층,4697.0,3795.0,고기
312,312,12인치 사운드바,경기 하남시 미사강변중앙로 219 2층 206호,1472.0,1224.0,주류
313,313,홍미김밥,경기 하남시 미사강변한강로334번길 18 1층,1745.0,1430.0,분식
314,314,우시야 미사점,경기 하남시 미사강변중앙로 226 1층 131호,1343.0,1102.0,고기
315,315,,,,,
316,316,,,,,
317,317,면면히,경기 하남시 미사강변대로34번길 90 메인프라자 114호,2892.0,2324.0,분식
318,318,리스닝커피로스터스,경기 하남시 하남대로933번길 16 온화한가 1층,4048.0,3177.0,카페
319,319,다래육회,경기 하남시 미사강변중앙로 218 108호,1355.0,1119.0,고기
320,320,,,,,
321,321,콘부 스타필드하남,경기 하남시 미사대로 750 3층 잇토피아,4661.0,3740.0,일식당
322,322,,,,,
323,323,,,,,
324,324,조선육회 하남점,경기 하남시 하남대로784번안길 17 조선육회 하남점,4576.0,3685.0,고기
325,325,호수꼬치 하남신장점,경기 하남시 신평로 53 1층,4818.0,3847.0,일식당
326,326,재킨보아즈,경기 하남시 미사강변한강로158번길 9 지하 1층 재킨보아즈,401.0,332.0,카페
327,327,,,,,
328,328,치킨봇,경기 하남시 미사강변대로226번길 9 1층 109호,1557.0,1228.0,치킨
329,329,,,,,
330,330,삼형제김밥 미사점,경기 하남시 미사강변대로 212 1층 118호,1662.0,1332.0,분식
331,331,도야족발보쌈 미사하남점,경기 하남시 미사강변동로 127 경서타워 101호 도야족발보쌈,1396.0,1141.0,고기
332,332,만선호프 하남미사점,경기 하남시 미사강변중앙로 181 (망월동) 122123호,1869.0,1507.0,호프
333,333,신사동인동 하남점,경기 하남시 미사강변한강로 279 106호,1149.0,907.0,한식당
334,334,,,,,
335,335,,,,,
336,336,,,,,
337,337,,,,,
338,338,소코아 하남미사점,경기 하남시 미사강변북로30번길 79 1층,1761.0,1430.0,식당
339,339,위니드밥 풍산점,경기 하남시 하남대로 947 하남테크노밸리 U1센터 B동 지하1층 B145호,4059.0,3364.0,한식당
340,340,마라촉 마라탕&마라샹궈,경기 하남시 미사강변대로226번안길 15 상아프라자 1층 102호 (망월동),1647.0,1350.0,중국집
341,341,윤쉐프's 키친&펍,경기 하남시 미사강변중앙로 212 미사강변 안강프라이빗뷰 2층 204호,1489.0,1265.0,호프
342,342,아담만두(미사점),경기 하남시 미사강변동로 95 힐스테이트 미사 역 그랑파사쥬 1층 1137호,1690.0,1360.0,분식
343,343,,,,,
344,344,미사원조곱창,경기 하남시 미사강변중앙로 173 1층 113 114호,1940.0,1557.0,고기
345,345,소자밥상,경기 하남시 하남대로777번길 74 1층,5229.0,4110.0,한식당
346,346,우리동네 참치정육점(미사점),경기 하남시 미사강변중앙로 193 지2 1층 105호 우리동네 참치정육점 하남미사점,1735.0,1411.0,일식당
347,347,신사냉삼촌 하남미사점,경기 하남시 미사강변중앙로 210 1층 101 102호,1517.0,1285.0,고기
348,348,스테이미사 브런치&레스토랑,경기 하남시 미사강변동로 95 12블럭 2층 2010호,1690.0,1360.0,까페
349,349,,,,,
350,350,빈타그런스 브루잉 바,경기 하남시 미사강변중앙로 190 롯데캐슬스타 253호,1735.0,1382.0,카페
351,351,낙원할머니뼛칼 본점,경기 하남시 검단로 28 202호,7317.0,5845.0,한식당
352,352,곱분이곱창 감일점,경기 하남시 신우실로 61 101호,9726.0,7570.0,고기
353,353,수 스테이크(Soo Steak),경기 하남시 미사강변중앙로 181 더퍼스트테라스 2층 215호 216호,1869.0,1507.0,양식
354,354,신참떡볶이 하남덕풍점,경기 하남시 덕풍동로 111-10 A동 122호,3189.0,2542.0,분식
355,355,탐나는 피자 하남점,경기 하남시 신장1로33번길 41 1층 일부호,4728.0,3787.0,피자
356,356,짬뽕관 하남미사점,경기 하남시 미사강변중앙로 180 BL11동 1층 1012호,1821.0,1444.0,중국집
357,357,더노벰버라운지 하남감일점,경기 하남시 감일중앙로 80 아클라우드감일 상가2층 2074호,9417.0,7360.0,
358,358,우리할매떡볶이 하남덕풍점,경기 하남시 덕풍남로 8 1층 101호,3757.0,2944.0,분식
359,359,삼덕통닭 미사점,경기 하남시 미사강변중앙로 185 골든타임 1층 108호,1829.0,1479.0,치킨
360,360,,,,,
361,361,소당깨,경기 하남시 미사강변중앙로 185 골든타임 미사호수공원방면 1층 소당깨,1829.0,1479.0,고기
362,362,푸라닭 하남덕풍점,경기 하남시 덕풍북로 40,3244.0,2603.0,치킨
363,363,,,,,
364,364,,,,,
365,365,,,,,
366,366,바다동태탕솥밥전문점 하남풍산직영점,경기 하남시 조정대로 45 B1층 RB115호 RB116호,3576.0,2843.0,한식당
367,367,순정한우정육식당 미사점,경기 하남시 미사강변중앙로 164 1층 108호 109호 110호,2036.0,1626.0,고기
368,368,포시애틀 하남풍산점,경기 하남시 하남대로 947 하남테크노밸리 U1센터 1층 D-114a호,4059.0,3364.0,아시안 음식
369,369,여우애김밥 하남U1센터점,경기 하남시 하남대로 947 B동 115호,4059.0,3364.0,분식
370,370,,,,,
371,371,홍그린 로얄 스페셜,경기 하남시 아리수로 570 1층 1093호,1212.0,1008.0,양식
372,372,이가돈 매운갈비찜,경기 하남시 신평로55번길 22 1층,4737.0,3738.0,
373,373,갯벌의 조개 미사역점,경기 하남시 미사강변중앙로204번길 22 104 105호,1556.0,1254.0,해물
374,374,맛찬들왕소금구이 하남미사점,경기 하남시 미사강변중앙로170번길 10 신성프라자 1층 114~116호,1982.0,1592.0,고기
375,375,,,,,
376,376,몽계옥,경기 하남시 미사강변한강로334번길 28,1815.0,1471.0,한식당
377,377,등촌샤브칼국수 하남미사점,경기 하남시 미사강변남로 91 르보아파크2 2층 212호,2028.0,1624.0,분식
378,378,,,,,
379,379,,,,,
380,380,아담스꼬마김밥 미사점,경기 하남시 미사강변중앙로 174 해링턴타워레이크파크 1층 103호,1907.0,1505.0,분식
381,381,,,,,
382,382,교촌치킨 풍산지구점,경기 하남시 덕풍북로251번길 24 1층,3571.0,2873.0,치킨
383,383,,,,,
384,384,안주가 하남미사점,경기 하남시 미사강변중앙로170번길 10 1층,1982.0,1592.0,식당
385,385,라이크어시네마 하남미사점,경기 하남시 미사강변중앙로 226 1층 118호,1343.0,1102.0,카페
386,386,,,,,
387,387,,,,,
388,388,무국적식탁 하남점,경기 하남시 조정대로 150,2921.0,2404.0,한식당
389,389,장수한우곱창 옥천냉면,경기 하남시 덕풍동로 111-15 1층 108호 109호,3209.0,2557.0,한식당
390,390,보배반점 하남미사점,경기 하남시 미사강변중앙로 11 2층 202 203 204호,3666.0,3053.0,중국집
391,391,바른치킨 하남시청역점,경기 하남시 하남대로 851 1층 바른치킨 (경기도 하남시 덕풍동 309-63) (경기도 하남시 덕풍동 309-63),4266.0,3362.0,치킨
392,392,,,,,
393,393,무궁화주택 하남미사점,경기 하남시 미사강변중앙로170번길 10 1층 108 109호,1982.0,1592.0,식당
394,394,나타 커피 하우스,경기 하남시 하남유니온로 10 근린생활시설 1층 101호,4173.0,3344.0,카페
395,395,피자알볼로 감일거여점,경기 하남시 감일로102번길 6 1층,9693.0,7528.0,피자
396,396,우리 할매 떡볶이 하남감일점,경기 하남시 감일백제로83번길 24 1층 111호,10408.0,8115.0,분식
397,397,,,,,
398,398,조선부뚜막 하남감일점,경기 하남시 감일백제로180번길 17 122~123호,9638.0,7518.0,고기
399,399,,,,,
400,400,모모타코야끼 위례점,경기 하남시 위례대로6길 45-1 상가 1동 105호,13409.0,10385.0,일식당
401,401,완판도 미사점,경기 하남시 미사강변동로 95 힐스테이트미사역 그랑파사쥬 12-1BL 1층 1053호,1690.0,1360.0,고기
402,402,피자나라치킨공주 위례신도시점,경기 하남시 위례광장로 265 상가1동 107호,14028.0,11015.0,피자
403,403,,,,,
404,404,사모님 토스트,경기 하남시 미사강변동로 100-1 1층 1043호,1499.0,1186.0,간식
405,405,라운지 비 LOUNGE B,서울 서초구 효령로 89 서초훼미리하우스 상가 B01호,23558.0,18806.0,식당 아님
406,406,,,,,
407,407,,,,,
408,408,미사 메밀관,경기 하남시 미사강변한강로 270-1 호반써밋 상가 201동 1층 136호,1335.0,1082.0,한식당
409,409,노티드 하남 스타필드,경기 하남시 미사대로 750 하남스타필드 1층,4661.0,3740.0,카페
410,410,미사정육왕,경기 하남시 미사강변중앙로170번길 12 1층,1953.0,1568.0,고기
411,411,망월전,경기 하남시 미사강변한강로136번길 9 1층,547.0,465.0,식당
412,412,호빈초밥,경기 하남시 미사강변중앙로 189 115호,1787.0,1448.0,일식집
413,413,사심i,경기 하남시 미사강변북로30번안길 27,1611.0,1324.0,일식집
414,414,,,,,
415,415,동경규동 미사스퀘어점,경기 하남시 미사대로 520 C동 1층 C-132호,1967.0,1638.0,식당
416,416,,,,,
417,417,,,,,
418,418,,,,,
419,419,진대감 하남미사점,경기 하남시 미사강변중앙로 185 2층 207호 208호,1829.0,1479.0,고기
420,420,일동실비 하남덕풍점,경기 하남시 신장로 164 1층,4433.0,3510.0,식당
421,421,소소밀 베이커리(SoSoMeal Bakery),경기 하남시 신장동로29번안길 19 1층 103호,4220.0,3373.0,베이커리
422,422,,,,,
423,423,유로코피자 위례신도시점,경기 하남시 위례대로 190 (위례 효성해링턴 타워) 156호,13906.0,10912.0,
424,424,,,,,
425,425,타이반쩜 하남미사점,경기 하남시 미사강변중앙로 190 1층 145호,1735.0,1382.0,아시안 음식
426,426,고래맥주창고(하남미사점),경기 하남시 미사강변동로 121 더랜드시티 106호 고래맥주창고 하남미사점,1445.0,1177.0,주류
427,427,,,,,
428,428,또래오래 북위례점,경기 하남시 위례학암로 25 지하1층,12696.0,9846.0,치킨
429,429,바티토,경기 하남시 미사대로 410 상가 218호 바티토,954.0,784.0,양식
430,430,원조 양평해장국 미사점,경기 하남시 미사강변중앙로 174 해링턴타워 레이크파크 2층 202호 203호,1907.0,1505.0,해장국
431,431,카페키노(KAFE KINO),경기 하남시 미사강변한강로 135 스카이폴리스 나동 163호,490.0,358.0,카페
432,432,,,,,
433,433,,,,,
434,434,완벽한생갈비,경기 하남시 미사강변한강로334번안길 21 1층,1845.0,1492.0,고기
435,435,봉명동내커피 하남미사점,경기 하남시 미사강변한강로346번길 7 1층,1856.0,1501.0,카페
436,436,마라입구 미사점,경기 하남시 미사강변대로34번길 90 1층115호,2892.0,2324.0,
437,437,60계치킨 경기하남감일지구점,경기 하남시 신우실로 73 105호,9817.0,7665.0,치킨
438,438,감일돈,경기 하남시 감일백제로83번길 24 201호 2층 감일돈,10408.0,8115.0,고기
439,439,청담이상 하남미사역점,경기 하남시 미사강변중앙로 164 미타워 4층,2036.0,1626.0,일식집
440,440,디리포소,경기 하남시 감일로102번길 40 상가 1층 102호,9692.0,7531.0,양식
441,441,플로피(floffee),경기 하남시 미사대로 540 현대지식산업센터 한강미사2차 B동 113호,2138.0,1760.0,식당 아님
442,442,철뚝집 하남미사점,경기 하남시 미사강변서로 16 하우스디스마트밸리 지하1층 170호,3427.0,2738.0,고기
443,443,,,,,
444,444,,,,,
445,445,,,,,
446,446,,,,,
447,447,심야반점 하남미사점,경기 하남시 미사강변대로54번길 59,3024.0,2389.0,중국집
448,448,,,,,
449,449,소코아 하남감일점,경기 하남시 신우실로 67 2층 201호,9761.0,7625.0,식당
450,450,프랭크버거 하남신장점,경기 하남시 하남대로 815 1층,4487.0,3609.0,햄버거
451,451,BBQ하남신장점,경기 하남시 신장1로33번길 45 101호 bbq,4717.0,3778.0,치킨
452,452,멀티푸드 하남점,서울 강동구 고덕로 133,6416.0,5225.0,식당 아님
453,453,구가네 닭강정 호프,경기 하남시 미사강변한강로 270-1 호반써밋상가 1층 1-192호,1335.0,1082.0,치킨
454,454,하오마라 미사역점,경기 하남시 미사강변동로 85 힐스테이트 에코미사 1층,1759.0,1410.0,중국집
455,455,,,,,
456,456,짱꼬집(하남미사점),경기 하남시 미사강변중앙로 160 미사리버파크 1층 101호,2076.0,1654.0,고기
457,457,몸신 흑염소전문점,경기 하남시 검단산로 333,6299.0,5006.0,고기
458,458,하남돼지집 미사숲공원점,경기 하남시 미사강변대로54번길 15 1층,3010.0,2438.0,고기
459,459,,,,,
460,460,육회바른연어 미사점,경기 하남시 미사강변중앙로 180 힐스테이트 미사역 그랑파사쥬 1층 1009호(망월동),1821.0,1444.0,식당
461,461,,,,,
462,462,육쌈냉면 미사점,경기 하남시 미사강변중앙로204번길 45 성산타워풀러스 2층 205호,1381.0,1158.0,한식당
463,463,역전할머니맥주 하남북위례점,경기 하남시 위례학암로13번길 28 1층,12723.0,9871.0,
464,464,,,,,
465,465,궁사부,경기 남양주시 늘을1로16번안길 19 1층 궁사부,23712.0,18410.0,일식당
466,466,,,,,
467,467,스윗바니(Sweet Bunny),경기 하남시 신평로73번길 21 1층 101호,4721.0,3783.0,간식
468,468,,,,,
469,469,오쥬리 사랑채,경기 하남시 미사강변중앙로 214 1층 101 102 103호,1482.0,1260.0,고기
470,470,꾸브라꼬 숯불두마리치킨 감일점,경기 하남시 감일로 126 1층,9373.0,7271.0,치킨
471,471,생활맥주 하남미사점,경기 하남시 미사강변중앙로 181 퍼스트테라스 120호 생활맥주 하남미사점,1869.0,1507.0,호프
472,472,,,,,
473,473,겟레디커피(Get Ready Coffee),경기 하남시 미사강변동로 127 경서타워 1층 110호,1396.0,1141.0,카페
474,474,동해 강릉 초당짬뽕순두부 하남미사점,경기 하남시 미사대로 380 2층,675.0,510.0,
475,475,도미노피자 하남신장점,경기 하남시 하남대로 786-1,4734.0,3786.0,피자
476,476,소요일 미사직영점,경기 하남시 미사강변중앙로 200 1층 104호 105호,1573.0,1269.0,고기
477,477,후라토식당 하남미사점,경기 하남시 미사강변한강로 135 스카이폴리스 다동 2층 213호,490.0,358.0,일식당
478,478,육미애,경기 하남시 미사강변동로 127 경서타워 206호,1396.0,1141.0,고기
479,479,,,,,
480,480,,,,,
481,481,일산등심박이,경기 하남시 미사대로 472 1층 114 115호,1505.0,1223.0,고기
482,482,츠카미치,경기 하남시 미사강변한강로 270-1 1층 130호,1335.0,1082.0,일식집
483,483,박승광 해물 손칼국수 하남미사점,경기 하남시 미사강변한강로 135 스카이폴리스 다동 143호,490.0,358.0,분식
484,484,클린7080라이브,경기 하남시 미사대로 460 디스트릿 4층,1394.0,1149.0,
485,485,한끼홈쿡 미사본점,경기 하남시 미사강변대로 84 1층 한끼홈쿡 미사본점,2699.0,2157.0,식당 아님
486,486,,,,,
487,487,,,,,
488,488,연족,경기 하남시 미사강변중앙로 226 1층 129호 연족,1343.0,1102.0,고기
489,489,윈터포레스트1224(Winter Forest 1224),경기 하남시 검단산로 267 1층,5631.0,4515.0,카페
490,490,카페다예,경기 하남시 미사강변한강로334번길 29 1층,1829.0,1510.0,카페
491,491,족발예찬 하남미사점,경기 하남시 미사강변한강로158번길 41 1층,569.0,451.0,고기
492,492,가마솥 순대국 뼈도리탕,경기 하남시 감일중앙로 80,9417.0,7360.0,한식당
493,493,마라탕에 빠진날,경기 하남시 신장로 132 2층 마라탕에 빠진날,4756.0,3741.0,중국집
494,494,브라운돈까스 하남감일점,경기 하남시 감일백제로180번길 17 1동 121호 브라운돈까스,9638.0,7518.0,돈가스
495,495,진1926 하남미사,경기 하남시 미사대로 520 현대지식산업센터 한강미사 2차 D동 2층 242호,1967.0,1638.0,고기
496,496,,,,,
497,497,,,,,
498,498,야마이루식 우동,서울 용산구 서빙고로 17 몰동 1층 1059호,25822.0,20481.0,분식
499,499,나은치킨,인천 서구 원적로47번길 6 103동 상가(가좌동 풍림아파트),55327.0,44366.0,치킨
500,500,동백연화 미사점,경기 하남시 미사강변중앙로158번길 27 107.108,1931.0,1552.0,식당
501,501,,,,,
502,502,김가네 미사현대1차점,경기 하남시 미사대로 550 1층 c-1-048049호,2268.0,1853.0,분식
503,503,,,,,
504,504,매일의 식탁,경기 하남시 미사강변한강로 270-1 호반써밋 상가 1층 206호,1335.0,1082.0,식당
505,505,,,,,
506,506,철길부산집 하남감일점,경기 하남시 신우실로 73 1층 107호,9817.0,7665.0,식당
507,507,꾸브라꼬 숯불두마리치킨 위례점,경기 하남시 위례대로 190 135호,13906.0,10912.0,치킨
508,508,세광양대창 하남미사점,경기 하남시 미사강변중앙로 185 골든타임 106-107호,1829.0,1479.0,고기
509,509,에헴 양식당,경기 하남시 미사강변중앙로 217 2층 205호 B205호,1495.0,1240.0,고기
510,510,,,,,
511,511,춘리마라탕 미사점,경기 하남시 아리수로 570 1층 1072호,1212.0,1008.0,
512,512,올라잇(holaeat),경기 하남시 신우실로 73 뉴욕타워 1층 108호,9817.0,7665.0,식당
513,513,프랭크버거 하남감일 단샘점,경기 하남시 감일백제로 109 1층 104호,10327.0,8027.0,햄버거
514,514,레알 청아간장게장,경기 하남시 미사강변중앙로 173 미사리버에비뉴 2층206호,1940.0,1557.0,한식당
515,515,드로게리아,경기 하남시 미사동로 102-17 드로게리아,1754.0,1403.0,카페
516,516,사미반점 미사2호점,경기 하남시 미사강변한강로 155 SK V1 센터 1층 사미반점 미사2호점,212.0,156.0,중국집
517,517,최구야 김치찌개,경기 하남시 하남대로 947,4059.0,3364.0,한식당
518,518,다올 굴순두부,경기 하남시 신장로154번길 6 1층 다올 굴순두부,4593.0,3628.0,한식당
519,519,,,,,
520,520,효하우스 골목길포차,경기 하남시 수리북로 10-9 1층,4622.0,3653.0,식당
521,521,백채김치찌개 미사역점,경기 하남시 미사강변한강로 270-1 1층 200호,1335.0,1082.0,한식당
522,522,비비큐 풍산중앙점,경기 하남시 세미로1길 5 힐즈파크프라자 1층 104호,4129.0,3442.0,치킨
523,523,후우스,경기 하남시 미사대로 520 현대지식산업센터 한강미사2차 D동 2층 254호,1967.0,1638.0,카페
524,524,이속우화 구우몽,경기 하남시 미사대로 750 L1층,4661.0,3740.0,한식당
525,525,,,,,
526,526,팔당 북촌골 미사점,경기 하남시 미사대로 550,2268.0,1853.0,해물
527,527,,,,,
528,528,,,,,
529,529,,,,,
530,530,,,,,
531,531,,,,,
532,532,함무바 돼지 국밥,경기 하남시 미사강변동로84번길 29 헤리움 애비뉴어 1층 122호,1828.0,1421.0,한식당
533,533,,,,,
534,534,,,,,
535,535,풍산화우,경기 하남시 미사강변중앙로 11 1층 108 109 110 111호,3666.0,3053.0,고기
536,536,고봉민김밥인 하남미사역점,경기 하남시 미사강변동로 72 에스비비즈타워 101호,1877.0,1485.0,분식
537,537,,,,,
538,538,빙츄르 미사호수공원점,경기 하남시 미사강변중앙로 181 더퍼스트테라스 312호,1869.0,1507.0,디저트
539,539,쏘르제 루나(Sorge luna),경기 하남시 미사강변동로 95 지하 1층 B1013호,1690.0,1360.0,카페
540,540,,,,,
541,541,철길부산집 하남미사점,경기 하남시 미사강변중앙로 190 1층,1735.0,1382.0,식당
542,542,오닭꼬치 하남미사점,경기 하남시 미사강변대로226번안길 35 청담프라자 116호,1377.0,1197.0,일식당
543,543,디저트 카페(DESSERT CAFE) 널문,경기 하남시 감일백제로44번길 5 1층,11028.0,8617.0,카페
544,544,유우조우,경기 하남시 미사강변한강로158번길 48 1층 유우조우,609.0,509.0,일식당
545,545,황금코다리 하남 검단산점,경기 하남시 검단산로 275 2층 황금코다리 하남검단산점,5707.0,4569.0,해물
546,546,,,,,
547,547,오늘은 라면125 애니벤,경기 하남시 덕풍동로 111-21 1층 104호,3233.0,2576.0,분식
548,548,,,,,
549,549,호미스피자 미사점,경기 하남시 미사강변동로 95 1044호,1690.0,1360.0,
550,550,금수네밥집,경기 하남시 신장로136번길 24,4767.0,3761.0,한식당
551,551,마린보이 코다리1번가(망월점),경기 하남시 미사강변북로30번길 19 1층,1449.0,1178.0,해물
552,552,배가 푸지미,경기 하남시 신평로55번길 41,4632.0,3657.0,식당
553,553,,,,,
554,554,,,,,
555,555,홍송우렁쌈밥,경기 하남시 미사강변중앙로 218 성산타워 2층,1355.0,1119.0,한식당
556,556,,,,,
557,557,고피자 하남미사점,경기 하남시 아리수로 570 1층 1073호,1212.0,1008.0,피자
558,558,맘스터치 피자앤치킨 하남시청역점,경기 하남시 하남대로 792,4678.0,3745.0,피자
559,559,마장동 정 순대국,경기 하남시 미사강변서로 25 제RB113호 (지상 1층 CU편의점 옆),3438.0,2742.0,식당
560,560,,,,,
561,561,왔따쪽갈비(하남미사점),경기 하남시 미사강변대로34번안길 19 1층 104호 왔따쪽갈비 하남미사점,3039.0,2400.0,
562,562,스와(soir),경기 하남시 미사강변한강로136번길 25 수란가옥 1층,534.0,485.0,호프
563,563,YELLOW75 CAFE(옐로우75 카페),경기 하남시 초광산단로 75,7075.0,5483.0,카페
564,564,365 한쌈,경기 하남시 미사강변중앙로198번길 29 1층 117호,1490.0,1210.0,아시안 음식
565,565,계림원 미사중앙점,경기 하남시 미사강변중앙로 223 111호 112호,1423.0,1189.0,치킨
566,566,별룸포차,경기 하남시 미사강변중앙로 220 12층 1205호,1433.0,1167.0,식당
567,567,,,,,
568,568,,,,,
569,569,카츠키,경기 하남시 미사강변한강로354번길 24 102호,2026.0,1628.0,돈가스
570,570,,,,,
571,571,,,,,
572,572,봉맥,경기 하남시 미사강변북로30번길 41,1559.0,1257.0,호프
573,573,,,,,
574,574,한솥도시락 하남감일점,경기 하남시 감일백제로180번길 17 퀸즈에비뉴 1층 125호,9638.0,7518.0,식당 아님
575,575,,,,,
576,576,,,,,
577,577,,,,,
578,578,미사 참숯불갈비,경기 하남시 미사강변한강로 290-3 상가동 119호,1378.0,1111.0,한식당
579,579,나무루,경기 하남시 미사강변남로 99 106호 107호,1960.0,1573.0,일식집
580,580,달빛오징어광어미사점,경기 하남시 미사강변중앙로 189 에코브리지2 1층 120호,1787.0,1448.0,해물
581,581,마시내 하남감일점,경기 하남시 감일중앙로 80 푸르지오 마크베르 1층 상가 1011호 1012호,9417.0,7360.0,중국집
582,582,,,,,
583,583,소플러스서하남점,경기 하남시 감초로 64,8257.0,6444.0,고기
584,584,,,,,
585,585,심플레이스 하남점,경기 하남시 미사강변한강로 295 112 113 114 115호,1262.0,987.0,카페
586,586,자담치킨 하남풍산점,경기 하남시 세미로1길 7,4181.0,3479.0,
587,587,프랭크버거 하남점,경기 하남시 미사강변대로34번길 72 골든프라자 1층 106호,2955.0,2399.0,햄버거
588,588,로드샌드위치 하남미사점,경기 하남시 미사강변대로226번길 80 102호,1305.0,1145.0,간식
589,589,목삼고집,경기 하남시 미사강변중앙로 181 더퍼스트테라스 1층 109호,1869.0,1507.0,고기
590,590,미태리 하남감일점,경기 하남시 감일백제로180번길 20 반도유스퀘어 2층 203호,9671.0,7542.0,양식
591,591,파더스 베이글 하남미사점,경기 하남시 미사강변한강로 270-1 호반써밋상가 1층 201동 1-190호,1335.0,1082.0,카페
592,592,헤라스 빈야드,경기 하남시 미사강변동로 125 미사푸르지오시티A동 121호,1351.0,1108.0,주류
593,593,명품키친 하남점,경기 하남시 미사강변북로30번길 161 1층,1410.0,1156.0,한식당
594,594,,,,,
595,595,,,,,
596,596,인생아구찜 미사점,경기 하남시 미사강변중앙로 220 1층 109호,1433.0,1167.0,해물
597,597,우대포 미사직영점,경기 하남시 미사강변동로 100-1 판매시설동 1030호,1499.0,1186.0,고기
598,598,인생객잔,경기 하남시 미사강변중앙로 189 에코브릿지2 수변 121호,1787.0,1448.0,중국집
599,599,청년분식 하남미사점,경기 하남시 미사대로 520 1층 DC01-026호,1967.0,1638.0,분식
600,600,포하이퐁 미사점,경기 하남시 미사강변서로 16 1층 알101호,3427.0,2738.0,아시안 음식
601,601,정오리 돌판구이,경기 하남시 미사강변북로30번안길 20 1층,1585.0,1335.0,한식당
602,602,Wine Maria(와인마리아),경기 하남시 미사강변중앙로 157 리버테라스 2층 203-1호,2107.0,1676.0,주류
603,603,피자스톰 미사점,경기 하남시 미사강변남로 125 미사역마이움푸르지오 102동 125호,1856.0,1470.0,피자
604,604,,,,,
605,605,,,,,
606,606,오고가 미사점,경기 하남시 미사강변남로 87 205호,2131.0,1723.0,해물
607,607,,,,,
608,608,구이가 감일점,경기 하남시 감일중앙로 80 감일 푸르지오 마크베르 1층,9417.0,7360.0,고기
609,609,째깍섬 키즈클래스 하남,경기 하남시 미사강변한강로 135 미사스카이폴리스 나동 2층 251 252호,490.0,358.0,카페
610,610,,,,,
611,611,,,,,
612,612,방배동 할매쭈꾸미 하남미사점,경기 하남시 미사강변한강로 295 1층 136호,1262.0,987.0,해물
613,613,배부장찌개 미사역점,경기 하남시 미사강변중앙로204번길 45 1층 110호111호,1381.0,1158.0,한식당
614,614,,,,,
615,615,세화갈비 미사점,경기 하남시 미사강변한강로 270-1 메인광장 1층 1-215 216호,1335.0,1082.0,
616,616,호식이두마리치킨 미사1호점,경기 하남시 미사강변서로 16 1층 알103호,3427.0,2738.0,치킨
617,617,키슬,경기 하남시 미사강변중앙로 161 113호 (건물 뒷편 수변공원라인),2048.0,1635.0,양식
618,618,,,,,
619,619,카라핑 카페,경기 하남시 미사대로 472 SR광장프라자 1층,1505.0,1223.0,카페
620,620,육이구낙곱새 하남미사점,경기 하남시 미사강변한강로220번길 51 1층 102호,831.0,740.0,한식당
621,621,타붕,경기 하남시 세미로1길 5 B02호,4129.0,3442.0,카페
622,622,띤띤 드 타마린드 하남스타필드점,경기 하남시 미사대로 750 1층 스타벅스옆,4661.0,3740.0,아시안 음식
623,623,스파게티스토리 스카이폴리스점,경기 하남시 미사강변한강로 135 나동 1층 133호,490.0,358.0,
624,624,,,,,
625,625,퀸즈 당구장,경기 하남시 신장로136번길 7 2층,4753.0,3741.0,식당 아님
626,626,우리할매떡볶이 하남미사점,경기 하남시 미사강변대로226번안길 25 1층 우리할매 떡볶이,1357.0,1183.0,분식
627,627,바캉스인미사,경기 하남시 미사강변한강로346번길 23 1층 바캉스인미사,1934.0,1586.0,카페
628,628,,,,,
629,629,미사전,경기 하남시 미사강변한강로136번길 9 1층,547.0,465.0,
630,630,하남냉삼0458,경기 하남시 미사대로 550 C1-093C1-094호,2268.0,1853.0,한식당
631,631,전설낙곱새 위례송파점,경기 하남시 위례대로 190 152-1호,13906.0,10912.0,한식당
632,632,대동면옥 올림픽공원직영점,경기 하남시 감일남로 30 1층,10887.0,8441.0,한식당
633,633,,,,,
634,634,,,,,
635,635,롤링파스타 미사강변중앙점,경기 하남시 미사강변동로 85 힐스테이트에코미사 2층 213 214호,1759.0,1410.0,양식
636,636,명품빨강오뎅,경기 하남시 미사강변중앙로 174 효성해링턴타워레이크파크 1층 119호,1907.0,1505.0,분식
637,637,카페 루가노,경기 하남시 감일로102번길 1 1층 카페 루가노,9633.0,7456.0,카페
638,638,하남 삼육식당,경기 하남시 미사대로 520 현대지식산업센터 한강미사2차 1층 DC01-019호,1967.0,1638.0,한식당
639,639,화포식당 미사강변점,경기 하남시 미사강변한강로 165 A동 216호217호,381.0,274.0,고기
640,640,발라티에,경기 하남시 위례학암로13번길 10 지1층,12693.0,9816.0,양식
641,641,,,,,
642,642,하남 찰리황,경기 하남시 미사강변대로 48 1층 109호,3071.0,2452.0,중국집
643,643,별난아재맥주 하남미사점,경기 하남시 미사강변한강로158번길 52 1층 101호,623.0,519.0,호프
644,644,파스타입니다 하남점,경기 하남시 미사강변대로 52 1층 111호 파스타입니다 하남점,3057.0,2444.0,양식
645,645,피플 파스타(PEOPlE),서울 강남구 도산대로81길 13,17290.0,13652.0,양식
646,646,,,,,
647,647,,,,,
648,648,페이브 베이커리 미사역점,경기 하남시 미사강변동로 95 1층 1150호,1690.0,1360.0,카페
649,649,,,,,
650,650,오롯한상,경기 하남시 미사대로 520 1층 DC01-010 DC01-011DC01-012호( 덕풍동 현대지식산업센터 한강미사2차 (25BL)),1967.0,1638.0,
651,651,아담스 꼬마김밥 위례점,경기 하남시 위례대로 220 위례지웰푸르지오 상가동 103호,13659.0,10718.0,분식
652,652,스시코호시 미사,경기 하남시 미사강변동로 100-1 2층 2008호(망월동 미사 역 파라곤 스퀘어),1499.0,1186.0,일식당
653,653,노모어 피자 하남시청역점,경기 하남시 하남대로 830-1 B1층 B113호,4302.0,3419.0,피자
654,654,신세대맥주 미사,경기 하남시 아리수로 570 1층 1024호,1212.0,1008.0,호프
655,655,멜팅슬로우,경기 하남시 미사강변북로30번길 37 1층 102호 멜팅슬로우,1543.0,1246.0,카페
656,656,봄봄 하남미사점,경기 하남시 미사강변한강로 135 나동 1층 164호,490.0,358.0,한식당
657,657,와하카,경기 하남시 미사강변중앙로111번안길 32 1층 와하카,2395.0,1940.0,
658,658,청정플러스수산,경기 하남시 미사강변한강로 290-3 . 상가2동 132호,1378.0,1111.0,한식당
659,659,에이트리 카페,경기 하남시 역말로 37 1층,5166.0,4071.0,카페
660,660,현야,경기 하남시 미사강변중앙로 190 142호,1735.0,1382.0,식당
661,661,꼼떼 갈비살,경기 하남시 감일로 17 1층 2층,10455.0,8093.0,고기
662,662,스쿨푸드 미사딜리버리점,경기 하남시 미사강변중앙로111번안길 27 1층,2445.0,1951.0,분식
663,663,돈소풍,경기 하남시 천현로 120  1층,5556.0,4522.0,고기
664,664,편백상회 하남점,경기 하남시 미사강변중앙로204번길 45 성산타워플러스 2층 206호,1381.0,1158.0,샤브샤브
665,665,제주은희네해장국 하남미사점,경기 하남시 미사강변중앙로 185 골든타임 101호 102호,1829.0,1479.0,해장국
666,666,모랑 하남지산IS점,경기 하남시 미사대로 510 1층 107호,1894.0,1527.0,한식당
667,667,,,,,
668,668,,,,,
669,669,두레통닭 하남감일점,경기 하남시 감일백제로180번길 30-1 근린생활동 지1층 110호,9619.0,7522.0,치킨
670,670,,,,,
671,671,BBQ치킨 감일점,경기 하남시 감일백제로 109,10327.0,8027.0,치킨
672,672,큰집닭강정 위례점,경기 하남시 위례대로6길 95 206호,12939.0,10045.0,
673,673,맘스터치 하남풍산점,경기 하남시 덕풍동로 111 1층 111호 풍산캐슬빌딩,3157.0,2517.0,햄버거
674,674,리리삼,경기 하남시 수리북로34번길 3 1층,4380.0,3448.0,고기
675,675,비와별닭갈비 스타필드 위례점,경기 하남시 위례대로 200,13812.0,10847.0,고기
676,676,,,,,
677,677,폴트버거 스타필드 하남점,경기 하남시 미사대로 750 3층,4661.0,3740.0,햄버거
678,678,,,,,
679,679,,,,,
680,680,까페 아르볼 하남미사점,경기 하남시 미사강변한강로224번안길 25 1층,788.0,686.0,카페
681,681,돌깨마을맷돌순두부 하남미사점,경기 하남시 미사대로 550 현대지식산업센터 1차 게이트5번건물 2층 64호,2268.0,1853.0,한식당
682,682,천호용궁알탕 하남미사점,경기 하남시 미사강변중앙로 190 281호,1735.0,1382.0,한식당
683,683,아라치 하남미사점,경기 하남시 미사강변중앙로 181 1층,1869.0,1507.0,
684,684,,,,,
685,685,가나점보돈까쓰,경기 남양주시 오남읍 양지로278번길 42 가동 102호,27870.0,22262.0,돈가스
686,686,,,,,
687,687,홍윤곰탕,경기 하남시 조정대로 45 미사센텀비즈R142,3576.0,2843.0,한식당
688,688,할머니가래떡볶이 미사호수공원점,경기 하남시 미사강변중앙로 219 레이크힐 104호,1472.0,1224.0,분식
689,689,,,,,
690,690,미소야 미사역점,경기 하남시 미사강변남로 125 101동 110호,1856.0,1470.0,돈가스
691,691,더피쉬워크샵,경기 하남시 미사강변동로 95,1690.0,1360.0,해물
692,692,,,,,
693,693,,,,,
694,694,기영이 숯불두마리치킨 하남미사점,경기 하남시 미사강변대로 84 1층 112호,2699.0,2157.0,치킨
695,695,한상차림 코다리명가 하남점,경기 하남시 하남대로 947 A동 138호,4059.0,3364.0,해물
696,696,,,,,
697,697,청년어부 미사역점,경기 하남시 미사강변남로 125 마이움푸르지오 102동 115호,1856.0,1470.0,일식집
698,698,달리감자탕,경기 하남시 미사강변한강로 290-3 상가 A동 207호,1378.0,1111.0,식당
699,699,77년생 곱도리 전골식당 미사직영점,경기 하남시 미사강변동로84번길 29 미사역헤리움애비뉴어 1층 미사 맛집 77년생 곱도리,1828.0,1421.0,한식당
700,700,,,,,
701,701,치킨갱스터 미사점,경기 하남시 미사강변한강로 135 다동 2층 222호,490.0,358.0,치킨
702,702,육감적,경기 하남시 미사강변한강로158번길 67 미사빌딩 1층,701.0,546.0,고기
703,703,베스트생갈비찜&찜닭(하남점),경기 하남시 미사강변대로34번안길 19,3039.0,2400.0,한식당
704,704,테이블린 미사현대1차점,경기 하남시 미사대로 550 현대지식산업센터 한강미사1차 2층 39호,2268.0,1853.0,중국집
705,705,,,,,
706,706,파이 앤 브레드(Pie & Bread),경기 하남시 미사강변한강로 270-1,1335.0,1082.0,베이커리
707,707,온달집 미사역점,경기 하남시 미사강변동로 95 힐스테이트 미사역 그랑파사쥬 1층 1020호 1021호,1690.0,1360.0,고기
708,708,,,,,
709,709,,,,,
710,710,스푸키(Spookie),경기 하남시 미사강변서로 16 RB 173,3427.0,2738.0,카페
711,711,포케올데이 하남미사점,경기 하남시 미사강변북로30번길 13 1층,1419.0,1157.0,야채
712,712,,,,,
713,713,강남집 하남점,경기 하남시 감일백제로 177 1층 115 116호,9754.0,7629.0,고기
714,714,착한파스타 하남미사점,경기 하남시 미사강변대로226번길 26 1층,1247.0,1104.0,양식
715,715,마마쿡 미사점,경기 하남시 미사강변대로226번안길 35 청담프라자 1층,1377.0,1197.0,식당
716,716,카페시나몬가든,서울 강동구 고덕로 266 1층 108호,5129.0,4128.0,카페
717,717,산드르 한방약초 샤브,경기 하남시 미사동로40번길 75-7 . 1층,1449.0,1181.0,한식당
718,718,,,,,
719,719,청년다방 감일점,경기 하남시 감일백제로 161 월드퍼스티 110호,9924.0,7779.0,분식
720,720,,,,,
721,721,,,,,
722,722,홍미닭발 하남미사점,경기 하남시 미사강변중앙로204번길 21 1층 104-2호 홍미닭발 하남미사점,1488.0,1235.0,고기
723,723,,,,,
724,724,신선미 미사리우동(하남감일점),경기 하남시 신우실로 61,9726.0,7570.0,분식
725,725,,,,,
726,726,혼밥대왕 하남점,경기 하남시 미사강변중앙로7번안길 25 유테크밸리 B동 105호,3697.0,3076.0,한식당
727,727,주덜트,경기 하남시 미사강변동로 95 힐스테이트 미사역 그랑파사쥬 1035호,1690.0,1360.0,식당
728,728,주싸롱,경기 하남시 하남대로801번길 74 1층 101호,4922.0,3954.0,식당
729,729,,,,,
730,730,슬로우캘리 하남미사점,경기 하남시 미사강변중앙로 180 힐스테이트 미사역 그랑파사쥬 1층 1021호,1821.0,1444.0,야채
731,731,,,,,
732,732,마라의 민족 미사점,경기 하남시 미사강변한강로158번안길 37 102호,487.0,422.0,중국집
733,733,,,,,
734,734,피자하우스 미사스마트밸리점,경기 하남시 미사강변서로 16 1층 R148호,3427.0,2738.0,피자
735,735,제줏간 미사역점,경기 하남시 미사강변중앙로 164 미타워 102호 103호 104호,2036.0,1626.0,고기
736,736,,,,,
737,737,조인 더 클럽,경기 하남시 아리수로 570 1층 1079호 조인더클럽,1212.0,1008.0,
738,738,더피제리아마켓,경기 하남시 미사강변북로30번길 129 1층,1560.0,1262.0,피자
739,739,하루엔소쿠 감일마크베르점,경기 하남시 감일중앙로 80 1층 1081호,9417.0,7360.0,돈가스
740,740,,,,,
741,741,,,,,
742,742,아빠찜 미사역점,경기 하남시 미사강변중앙로 200 114호 아빠찜 미사역점,1573.0,1269.0,해물
743,743,미뜸,경기 하남시 미사강변중앙로 189 에코브리지2 3층 311호 미뜸,1787.0,1448.0,한식당
744,744,,,,,
745,745,키치 플레이트,경기 하남시 미사강변중앙로 189 에코브리지2 102호 키치플레이트,1787.0,1448.0,양식
746,746,두숫놈,경기 하남시 하남대로 795,4665.0,3735.0,식당
747,747,푸라닭 하남감일점,경기 하남시 신우실로 65,9733.0,7605.0,치킨
748,748,프랭크버거 하남미사점,경기 하남시 미사강변동로84번길 29 미사역 헤리운 애비뉴어 1층 120호,1828.0,1421.0,햄버거
749,749,고집센 만두전골 두루치기,경기 하남시 미사강변한강로 135 다동 2층 202 203호 공원쪽,490.0,358.0,한식당
750,750,,,,,
751,751,BBQ 하남미사역점,경기 하남시 미사강변중앙로198번길 29 미사푸르지오시티 B동 1층 B-106호,1490.0,1210.0,치킨
752,752,,,,,
753,753,장가짜장 24시,경기 하남시 신장로 156,4600.0,3634.0,중국집
754,754,,,,,
755,755,식껍 하남감일점,경기 하남시 감일백제로180번길 20 105호,9671.0,7542.0,고기
756,756,,,,,
757,757,일품양평해장국 하남아이테코점,경기 하남시 조정대로 150 1층 R111호 R112호,2921.0,2404.0,해장국
758,758,프리티플레저,경기 하남시 미사강변중앙로 190 216호,1735.0,1382.0,베이커리
759,759,국밥쟁이(풍산점),경기 하남시 조정대로 45 지하1층 알비110호,3576.0,2843.0,한식당
760,760,파스타어때 하남미사본점,경기 하남시 미사강변동로 125,1351.0,1108.0,양식
761,761,,,,,
762,762,,,,,
763,763,보길도황칠면역삼계탕,경기 하남시 미사강변남로 125 마이움푸르지오시티 101동 2층 209호,1856.0,1470.0,한식당
764,764,해장요리전문 임사부국밥 미사점,경기 하남시 미사강변한강로220번길 32 1층,748.0,592.0,한식당
765,765,오븐마루치킨 하남미사점,경기 하남시 미사강변동로 180-1 미사강변도시14단지 상가 1동 1층,771.0,631.0,치킨
766,766,퇴촌중앙갈비 하남점,경기 하남시 신장1로 28 1층,4946.0,4003.0,한식당
767,767,,,,,
768,768,츄릅(churrrp),경기 하남시 미사강변남로 91 2층 218호,2028.0,1624.0,간식
769,769,온담순대국 미사스카이폴리스점,경기 하남시 미사강변한강로 135 나동 1층 0155호,490.0,358.0,
770,770,종로김밥 미사역점,경기 하남시 미사강변동로 95 2층 2053호,1690.0,1360.0,분식
771,771,경양카츠 하남미사점,경기 하남시 미사강변북로30번안길 27 1층,1611.0,1324.0,돈가스
772,772,푸드박스 송파점,경기 하남시 감일로105번안길 19 1층 푸드박스 송파점,9673.0,7495.0,식당 아님
773,773,,,,,
774,774,,,,,
775,775,,,,,
776,776,정가네 돈오리,경기 하남시 검단산로 209,6100.0,4909.0,고기
777,777,,,,,
778,778,로스트피그 미사,경기 하남시 미사강변북로30번길 105 1층,1687.0,1382.0,고기
779,779,찌엔용,경기 하남시 미사강변동로 79 2층 204호,1812.0,1438.0,중국집
780,780,하남 정덮밥 미사점,경기 하남시 미사강변대로34번안길 11 스타프라자 2층 206호,2990.0,2423.0,식당
781,781,,,,,
782,782,가마솥순대국밥 미사중앙점,경기 하남시 미사강변중앙로 173 . 107108호(망월동 미사 리버에비뉴),1940.0,1557.0,식당
783,783,옥된장 미사스카이폴리스점,경기 하남시 미사강변한강로 135 나동 1층 0160호(스카이폴리스),490.0,358.0,
784,784,예원닭강정 하남점,경기 하남시 하남대로801번길 25 102호 예원닭강정,4729.0,3819.0,치킨
785,785,닭삼 바베큐치킨,경기 하남시 미사강변한강로224번길 8 1층 102호,668.0,564.0,치킨
786,786,청담동마녀김밥 미사점,경기 하남시 미사강변동로 85 힐스테이트 에코 미사 1층 112호,1759.0,1410.0,분식
787,787,,,,,
788,788,,,,,
789,789,탐라포차 미사강변점,경기 하남시 미사강변중앙로 185 2층 213호 214호,1829.0,1479.0,식당
790,790,,,,,
791,791,떠오름 푸드,충북 청주시 서원구 수영로8번길 24,142725.0,110530.0,식당 아님
792,792,꽈배기와 동그리,경기 하남시 하남대로783번길 28,4716.0,3783.0,베이커리
793,793,미미사500원양꼬치,경기 하남시 미사강변동로 127 경서타워 208호,1396.0,1141.0,아시안 음식
794,794,,,,,
795,795,뜸들이다 하남미사점,경기 하남시 미사강변대로226번안길 15 1층 109호,1647.0,1350.0,식당 아님
796,796,샤오바오 미사점,경기 하남시 미사강변동로 81 미사역 큐브앤타워 109호 110호,1753.0,1395.0,중국집
797,797,진 미사포구,경기 하남시 미사강변북로30번길 40,1560.0,1287.0,일식당
798,798,낙현식당,경기 하남시 하남대로 1043-28,3980.0,3165.0,일식당
799,799,길동우동 미사점,경기 하남시 미사강변중앙로204번길 22,1556.0,1254.0,일식당
800,800,백스비어 하남 미사점,경기 하남시 미사강변중앙로 218 1층 백스비어,1355.0,1119.0,호프
801,801,이태원 삼겹 미사점,경기 하남시 미사강변대로 208 우승프라자 1층 108 109 110 111호,1710.0,1366.0,고기
802,802,고메스퀘어 미사점,경기 하남시 미사강변동로 95 지하 1층 1069호 1096호,1690.0,1360.0,뷔페
803,803,,,,,
804,804,한마음정육식당 하남미사1호점,경기 하남시 미사강변대로 62 1층 101호102호103호,2964.0,2376.0,
805,805,슈슈브런치 하남감일점,경기 하남시 신우실로63번길 11 104 105 106호,9803.0,7629.0,
806,806,회장님댁 하남신장점,경기 하남시 신평로 59 2층,4750.0,3797.0,식당
807,807,카페마마스 하남스타필드점,경기 하남시 미사대로 750 2층 카페마마스,4661.0,3740.0,양식
808,808,,,,,
809,809,투다리 풍산점,경기 하남시 덕풍동로 111-10 제에이 109110호,3189.0,2542.0,일식당
810,810,한솥 미사역9번출구점,경기 하남시 미사강변동로 81 108호,1753.0,1395.0,식당 아님
811,811,솥단지 찹쌀순대국,경기 하남시 미사대로 520 제1층 제씨씨01-022 씨씨01-023호,1967.0,1638.0,식당
812,812,팔당돼지수제갈비,경기 하남시 미사대로 510 1층 104호 105호 106호,1894.0,1527.0,한식당
813,813,제이에이치 브루잉(JH Brewing),경기 하남시 미사강변서로 25 R125호,3438.0,2742.0,식당 아님
814,814,하남소곱창전골 불향기,경기 하남시 신장로136번길 22,4747.0,3745.0,고기
815,815,,,,,
816,816,추닭집 미사2호점,경기 하남시 미사강변중앙로111번길 4 102호,2553.0,2053.0,치킨
817,817,경성나루,서울 송파구 백제고분로39길 11 104호,13723.0,10901.0,한식당
818,818,청록 미나리식당 미사강변점,경기 하남시 미사강변한강로 135 다동 2층 231호,490.0,358.0,한식당
819,819,,,,,
820,820,라스트춘선 하남점,경기 하남시 미사강변중앙로 190 117호 118호,1735.0,1382.0,한식당
821,821,리미니 스타필드 위례점,경기 하남시 위례대로 200 스타필드시티 위례점 4층,13812.0,10847.0,양식
822,822,교촌치킨 하남감일점,경기 하남시 감일백제로 97 107호 108호,10438.0,8136.0,치킨
823,823,도미노피자 하남미사점,경기 하남시 미사강변서로 30,3380.0,2673.0,피자
824,824,도미노피자 하남감일점,경기 하남시 감일로88번길 20 1층,9845.0,7671.0,피자
825,825,,,,,
826,826,키토분식 미사역점,경기 하남시 미사강변동로 127 경서타워 106호,1396.0,1141.0,분식
827,827,레이크 비스트로,경기 하남시 미사강변중앙로 217 미사호수의아침1층 레이크비스트로,1495.0,1240.0,양식
828,828,미사리제면소,경기 하남시 아리수로 570 102동 2층 2062호,1212.0,1008.0,일식당
829,829,,,,,
830,830,만차이,경기 하남시 미사강변한강로158번길 5 101 호,359.0,301.0,중국집
831,831,화포식당 감일점,경기 하남시 감일백제로180번길 17 1층 111 112호,9638.0,7518.0,고기
832,832,김뚜껑 부대찌개 미사역점,경기 하남시 미사강변중앙로 173 1층 106호,1940.0,1557.0,한식당
833,833,로우프레스(lowpress),경기 하남시 미사강변한강로 270-1 201동 1층 1-158호,1335.0,1082.0,카페
834,834,패티바이번 위례점,경기 하남시 위례대로 200 지1층 B214호,13812.0,10847.0,햄버거
835,835,허니문한방삼계탕,경기 하남시 감이남로 50,11891.0,9291.0,한식당
836,836,맘스터치 하남감일점,경기 하남시 감이동 81-3,9720.0,7595.0,햄버거
837,837,,,,,
838,838,,,,,
839,839,하타네 하남미사점,경기 하남시 미사강변중앙로 180 1층 1008호 11-1bl,1821.0,1444.0,
840,840,,,,,
841,841,야키토리 미사(Yakitori misa),경기 하남시 미사강변동로 95 그랑파사쥬 1층 YAKITORI 미사 짱오락실 앞,1690.0,1360.0,일식집
842,842,뱃살도둑 미사점,경기 하남시 아리수로 570 효성헤링턴타워더퍼스트 1층 1081호,1212.0,1008.0,야채
843,843,,,,,
844,844,부빵(Beau pain),경기 하남시 미사강변한강로334번길 10 1층 101호(망월동),1711.0,1402.0,베이커리
845,845,채선당자연한가득 하남미사점,경기 하남시 미사대로 456 라파르코 3층,1281.0,1060.0,샤브샤브
846,846,블리스버거 하남감일점,경기 하남시 감이동 248-9,10412.0,8117.0,햄버거
847,847,푸라닭 하남미사역점,경기 하남시 아리수로 570 효성해링턴타워더퍼스트 1019호,1212.0,1008.0,치킨
848,848,루꽐라,경기 하남시 위례학암로14번길 35 경서 타워 1차 2층 208호,12698.0,9877.0,
849,849,더 퍼(The per),경기 하남시 하남대로 687 1층 더퍼,5718.0,4665.0,식당 아님
850,850,,,,,
851,851,한결보쌈 하남점,경기 하남시 미사강변대로34번안길 19 에이스플라자 105호,3039.0,2400.0,고기
852,852,,,,,
853,853,스트릿1988 하남감일점,경기 하남시 감일백제로180번길 17 퀸즈에비뉴 110호,9638.0,7518.0,카페
854,854,깡우동 하남미사점,경기 하남시 아리수로 570 1층 1026호,1212.0,1008.0,식당
855,855,황산 참치 테스타타워점,경기 하남시 미사강변서로 25 1층 황산참치(RB 107호),3438.0,2742.0,일식당
856,856,,,,,
857,857,,,,,
858,858,,,,,
859,859,구구족 하남점,경기 하남시 미사강변대로 64,2895.0,2327.0,고기
860,860,,,,,
861,861,카페 누이(cafe nue),경기 하남시 미사강변대로226번길 48 A+구산프라자 1층 105호,1232.0,1094.0,카페
862,862,스카이블랑,경기 하남시 미사강변중앙로170번길 12 미사신성타워 10층 1002호,1953.0,1568.0,식당
863,863,,,,,
864,864,자연미당 추어탕,경기 하남시 미사강변한강로 155 강변에스케이브이1센터 제1층 제근생141호 142호 143호,212.0,156.0,한식당
865,865,,,,,
866,866,무청감자탕 한강미사점,경기 하남시 미사대로 520 현대지식산업센터2차 C동 2층 22호,1967.0,1638.0,식당
867,867,,,,,
868,868,신선미 미사리우동(미사리본점),경기 하남시 미사강변대로54번길 125 1층 101~12호,2678.0,2142.0,분식
869,869,육회바른연어 하남신장점,경기 하남시 신평로 68,4710.0,3797.0,식당
870,870,카츠소당 하남점,경기 하남시 미사대로 520 현대지식산업센터2차 C동 2층 223호,1967.0,1638.0,돈가스
871,871,마장동고기집 미사점,경기 하남시 미사강변대로226번안길 17 1층 105 106 107 108호,1288.0,1163.0,고기
872,872,박쉐프 슈가네돈카츠,경기 하남시 미사강변서로 25 미사테스타타워지식산업센터,3438.0,2742.0,돈가스
873,873,,,,,
874,874,,,,,
875,875,요네즈,경기 하남시 감일중앙로 80 2005~2007호,9417.0,7360.0,일식당
876,876,자담치킨 미사중앙점,경기 하남시 미사강변북로 32,1331.0,1094.0,치킨
877,877,,,,,
878,878,,,,,
879,879,우마왕과 저팔계,경기 하남시 미사강변중앙로 193 에코브리지1 117118호 호수공원 무지개 다리 앞,1735.0,1411.0,고기
880,880,로쏘폴라레,경기 하남시 미사강변중앙로 193 3층 310호,1735.0,1411.0,까페
881,881,소담지짐이 위례점,경기 하남시 위례대로 220 위례지웰푸르지오 상가동 1층 104A호,13659.0,10718.0,식당
882,882,포코포코 하남미사점,경기 하남시 미사강변대로34번길 90 메인프라자 1층 107호,2892.0,2324.0,분식
883,883,생마차 하남미사점,경기 하남시 미사강변중앙로 180 힐스테이트 그랑파사쥬 1029호1061호,1821.0,1444.0,
884,884,,,,,
885,885,준이네 숯불닭갈비,경기 하남시 미사강변한강로 270-1 201동 1층 1-186호,1335.0,1082.0,고기
886,886,벤탄빌라 미사점,경기 하남시 미사강변남로 87 스타파크 117호 118호,2131.0,1723.0,아시안 음식
887,887,부어치킨하남미사점,경기 하남시 미사강변한강로334번안길 13 1층,1808.0,1495.0,치킨
888,888,라홍방마라탕 감일점,경기 하남시 감일백제로 89 성준프라자 1층 5~6호,10501.0,8181.0,중국집
889,889,해품장 팔팔장어 하남미사점,경기 하남시 미사대로 510 아이에스비즈타워 2층,1894.0,1527.0,해물
890,890,,,,,
891,891,,,,,
892,892,79대포 하남풍산점,경기 하남시 덕풍서로 80 114호,2631.0,2141.0,식당
893,893,코우게츠,경기 하남시 미사강변동로 95 1층 1040호,1690.0,1360.0,일식집
894,894,싸다김밥 미사역점,경기 하남시 미사강변동로 73 1층 115호 싸다김밥 미사역점,1839.0,1486.0,분식
895,895,,,,,
896,896,처갓집양념치킨 감일점,경기 하남시 감일백제로83번길 24 115호(감이동 G골든프라자),10408.0,8115.0,치킨
897,897,라멘온도,경기 하남시 미사강변동로84번길 29 1층 라멘온도,1828.0,1421.0,일식당
898,898,BBQ 하남망월점,경기 하남시 미사강변남로 125 미사역마이움푸르지오 102동 1층 123호,1856.0,1470.0,치킨
899,899,청년다방 미사역점,경기 하남시 미사강변중앙로 173 101102호,1940.0,1557.0,분식
900,900,,,,,
901,901,Permanent Chillin' 퍼머넌트 칠린,경기 하남시 미사강변중앙로 181 더 퍼스트 테라스 3층 315호,1869.0,1507.0,카페
902,902,오모로이 쇼쿠도,경기 하남시 감일중앙로 80 아클라우드 2층 2008호,9417.0,7360.0,식당
903,903,동대문 엽기떡볶이 하남 미사강변점,경기 하남시 미사강변대로 80 그린프라자 1층 106호,2742.0,2188.0,분식
904,904,솔라멘,경기 하남시 미사강변한강로 136 큰가람루 1층,616.0,476.0,
905,905,비스트로 홍,경기 하남시 미사강변중앙로170번길 10 제1층제106호,1982.0,1592.0,식당
906,906,바른곱창(감일점),경기 하남시 감일로88번길 26 101호,9797.0,7634.0,
907,907,스노우피크 랜드스테이션 하남,경기 하남시 미사동로 90 스노우피크 랜드스테이션 하남,1528.0,1237.0,식당 아님
908,908,미사맛집 배째 닭한마리 칼국수,경기 하남시 미사강변중앙로 220 107호 미사맛집배째닭한마리칼국수,1433.0,1167.0,고기
909,909,손님상,경기 하남시 미사강변동로 73 노블레스 1층 122호,1839.0,1486.0,한식당
910,910,매머드익스프레스 미사현대2차점,경기 하남시 미사대로 540 A-C 123호,2138.0,1760.0,카페
911,911,카페 보케리아,경기 하남시 미사대로 556,2303.0,1878.0,카페
912,912,마왕족발 하남감일점,경기 하남시 감일순환로 55 1층 106호,9847.0,7656.0,고기
913,913,꿀꿀진순대 미사점,경기 하남시 미사강변서로 22 에코큐브 지식 산업센터 1층 108호,3394.0,2682.0,식당
914,914,소주물 하남시청점,경기 하남시 하남대로776번길 61-10 1층,4619.0,3746.0,고기
915,915,신전떡볶이 감일점,경기 하남시 감일순환로 35-1 상가동 104호 신전떡볶이 감일점,9694.0,7546.0,분식
916,916,족슐랭 하남미사역점,경기 하남시 미사강변중앙로 190 1층 족슐랭,1735.0,1382.0,고기
917,917,,,,,
918,918,BBQ 하남미사중앙점,경기 하남시 미사강변한강로342번길 19 1층,1871.0,1542.0,치킨
919,919,,,,,
920,920,,,,,
921,921,페리카나 미사1점,경기 하남시 미사강변중앙로 223 113호,1423.0,1189.0,치킨
922,922,천년소나무,경기 하남시 서하남로19번길 62 천년소나무,9100.0,7017.0,고기
923,923,시온미반,경기 하남시 감일로 107 1층,9568.0,7410.0,한식당
924,924,바우네 나주곰탕 감일점,경기 하남시 감일백제로180번길 17 225호,9638.0,7518.0,
925,925,,,,,
926,926,예술피자 하남점,경기 하남시 아리수로 570 1층 1007호,1212.0,1008.0,피자
927,927,메이창,경기 하남시 미사강변대로226번길 64 201호 202호,1248.0,1105.0,중국집
928,928,,,,,
929,929,지호한방삼계탕 미사점,경기 하남시 미사대로 410 (미사강변오벨리스크) 3층 318호,954.0,784.0,한식당
930,930,토담옛날통닭 하남학암동점,경기 하남시 위례학암로14번길 35 경서타워 1 1층 102호,12698.0,9877.0,치킨
931,931,(주)바운스 슈퍼파크 하남센터,경기 하남시 미사강변한강로 135 스카이폴리스 나동 지하1층 B151 바운스,490.0,358.0,식당 아님
932,932,,,,,
933,933,스노우플렉스(SNOW FLEX),경기 하남시 덕풍천서로 77-9 스노우플렉스,3791.0,3099.0,
934,934,,,,,
935,935,,,,,
936,936,,,,,
937,937,미생맥주 하남감일점,경기 하남시 감일백제로 161 116호,9924.0,7779.0,호프
938,938,,,,,
939,939,금돈왕돈가스 육칼,경기 하남시 세미로1길 5 2층 202호,4129.0,3442.0,한식당
940,940,귀한족발 하남감일지구점,경기 하남시 감일백제로180번길 16 108~109호,9678.0,7547.0,고기
941,941,길동우동 하남감일점,경기 하남시 감일백제로180번길 17 120호,9638.0,7518.0,일식당
942,942,생활맥주 하남감일점,경기 하남시 신우실로63번길 15 NF써밋스퀘어 B동 106호,9845.0,7661.0,호프
943,943,그린콕(Green Cok),경기 하남시 감일백제로180번길 20 1층 102호,9671.0,7542.0,야채
944,944,웍 앤 누들,경기 하남시 하남대로 947 테크노밸리U1센터 B동 122호,4059.0,3364.0,한식당
945,945,라미향마라탕,경기 하남시 미사강변중앙로 181 201호,1869.0,1507.0,중국집
946,946,,,,,
947,947,,,,,
948,948,모모타코야끼 하남점,경기 하남시 미사강변한강로 135 스카이폴리스 지하1층 B170호,490.0,358.0,일식당
949,949,,,,,
950,950,처갓집양념치킨 북위례점,경기 하남시 위례대로6길 20-2 301동108호(학암동위례호반써밋),13128.0,10213.0,치킨
951,951,김복남맥주 하남미사역점,경기 하남시 미사강변중앙로 160 1층 104 106호,2076.0,1654.0,호프
952,952,,,,,
953,953,,,,,
954,954,동동밤,경기 하남시 미사강변중앙로 180 힐스테이트 미사역 그랑파사쥬 1층 1004호,1821.0,1444.0,한식당
955,955,이비티(ebt) 스타필드 하남점,경기 하남시 미사대로 750 스타필드 하남 1층 G269호,4661.0,3740.0,양식
956,956,달빛과일 하남점,경기 하남시 덕풍공원로 47 1층,4571.0,3640.0,카페
957,957,빽다방 미사센트럴자이점,경기 하남시 미사강변대로 84 1층 106호,2699.0,2157.0,카페
958,958,Bhc(비에이치씨) 미사호반점,경기 하남시 미사강변한강로 270,1359.0,1102.0,치킨
959,959,투다리 감일역점,경기 하남시 감일백제로180번길 20,9671.0,7542.0,일식당
960,960,풍미숯불꼼장어,경기 하남시 조정대로 45 미사센텀비즈 RB103호,3576.0,2843.0,해물
961,961,,,,,
962,962,,,,,
963,963,,,,,
964,964,남영동양문 하남미사점,경기 하남시 미사강변중앙로 220 1층 103 104호,1433.0,1167.0,고기
965,965,,,,,
966,966,테트리스찜닭 미사하남점,경기 하남시 덕풍북로 249 1층,3509.0,2768.0,한식당
967,967,코다리와 능이버섯 미사,경기 하남시 미사강변동로 121 더랜드시티 211호,1445.0,1177.0,한식당
968,968,,,,,
969,969,,,,,
970,970,아리수 정육식당,경기 하남시 미사대로 380 하나로마트 하남농협 2층,675.0,510.0,고기
971,971,에바돈가츠 감일점,경기 하남시 신우실로 61 120호,9726.0,7570.0,돈가스
972,972,서가네기절닭발,경기 하남시 미사강변한강로 270-1 미사강변호반써밋201동 1-102호 1층상가,1335.0,1082.0,고기
973,973,,,,,
974,974,두찜 하남덕풍점,경기 하남시 역말로 47-1 1층,5037.0,3982.0,한식당
975,975,짜란다,경기 하남시 위례학암로14번길 35 1층106호,12698.0,9877.0,중국집
976,976,미사국물닭발1982,경기 하남시 미사강변한강로 10-1 상가동 110호 108호,1823.0,1367.0,고기
977,977,하남불끈장어,경기 하남시 미사강변남로 125 101동 2층 212호,1856.0,1470.0,해물
978,978,,,,,
979,979,탕화쿵푸 감일점,경기 하남시 신우실로 67 2층 203호,9761.0,7625.0,중국집
980,980,,,,,
981,981,사나이 순대국,경기 하남시 신우실로 61 . 102호,9726.0,7570.0,한식당
982,982,,,,,
983,983,카페 아리온,경기 하남시 덕산로 80-11,4864.0,3966.0,카페
984,984,우리동네밥집 미사본점,경기 하남시 미사강변동로 72 102호 우리동네밥집 김밥&집밥 미사본점,1877.0,1485.0,분식
985,985,,,,,
986,986,,,,,
987,987,니하오마라탕 신장점,경기 하남시 신장로 139,4689.0,3723.0,중국집
988,988,치이익,경기 하남시 미사강변중앙로 219 107호,1472.0,1224.0,고기
989,989,운미가,경기 하남시 미사강변대로34번길 100 1층 104호,2801.0,2262.0,식당
990,990,,,,,
991,991,흥도식당 하남점,경기 하남시 미사대로 520 현대지식산업센터 2차 C동 2층 230231호,1967.0,1638.0,돈가스
992,992,용광루,경기 하남시 미사강변중앙로204번길 22,1556.0,1254.0,중국집
993,993,이가원(한식뷔페),경기 하남시 미사강변중앙로7번안길 25,3697.0,3076.0,한식당
994,994,,,,,
995,995,,,,,
996,996,,,,,
997,997,,,,,
998,998,힘난다버거 하남감일점,경기 하남시 감일중앙로 80 아클라우드상가 2층 G007호,9417.0,7360.0,햄버거
999,999,,,,,
1000,1000,,,,,
1001,1001,날쌘카페 하남미사점,경기 하남시 미사강변중앙로111번안길 11 1층,2541.0,2049.0,카페
1002,1002,쉐 울리엘(chez ulliel),경기 하남시 미사강변동로 100-1 1층 1109호,1499.0,1186.0,양식
1003,1003,솔솥 미사강변점,경기 하남시 미사강변중앙로 185 골든타임 115호,1829.0,1479.0,한식당
1004,1004,,,,,
1005,1005,,,,,
1006,1006,,,,,
1007,1007,마라이쉔,경기 하남시 하남대로783번길 28 일부호,4716.0,3783.0,중국집
1008,1008,,,,,
1009,1009,김준호의 대단한갈비 하남미사로데오점,경기 하남시 미사강변한강로 279 117호,1149.0,907.0,
1010,1010,,,,,
1011,1011,춘향골 남원추어탕 미사점,경기 하남시 덕풍서로 80 112 113호,2631.0,2141.0,식당
1012,1012,맘스터치 하남미사점,경기 하남시 미사강변대로 208,1710.0,1366.0,
1013,1013,광장 풍천장어,경기 하남시 검단산로 246 광장수제꼬치꼬치,5732.0,4616.0,일식당
1014,1014,써니핸드에프앤비둥둥치킨,경기 하남시 대청로116번길 59-3 10호,5640.0,4553.0,치킨
1015,1015,초광한식부페,경기 하남시 초광산단서로16번길 5,7221.0,5704.0,한식당
1016,1016,누나홀닭 하남풍산점,경기 하남시 덕풍동로 111-33,3132.0,2503.0,치킨
1017,1017,미사대패,경기 하남시 미사강변중앙로 185 209~211호,1829.0,1479.0,고기
1018,1018,,,,,
1019,1019,유브유부 위례점,경기 하남시 위례대로 190 1층 168호,13906.0,10912.0,일식당
1020,1020,모토이시 하남 미사점,경기 하남시 미사강변중앙로 180 힐스테이트 미사역 그랑파사쥬 1층 1028 1060호,1821.0,1444.0,고기
1021,1021,서울떡갈비&우이락 신세계스타필드하남점,경기 하남시 미사대로 750 지하1층,4661.0,3740.0,
1022,1022,최부자네,인천 연수구 경원대로467번길 18 덕수빌리지,54663.0,43578.0,일식당
1023,1023,송정상목장,경기 하남시 미사강변한강로 346 송정상목장,1822.0,1476.0,고기
1024,1024,,,,,
1025,1025,아토키토 하남위례점,경기 하남시 위례중앙로 185 근린생활시설동 1층 14호,14387.0,11263.0,야채
1026,1026,밥밥디라라 하남미사강변점,경기 하남시 미사강변대로54번길 75 101호,2959.0,2401.0,한식당
1027,1027,,,,,
1028,1028,,,,,
1029,1029,,,,,
1030,1030,광수육회 하남미사점,경기 하남시 미사강변동로 125 미사푸르지오시티A동 S101호,1351.0,1108.0,고기
1031,1031,불꾸러기,경기 하남시 미사강변서로 45 정문단지상가 307동 114호,3310.0,2665.0,고기
1032,1032,,,,,
